Agency,Category1,Where on Website?,Website FAQ,Category2,,Category3,Website FAQ,Category4,,Category5,,Category6
Central Jersey Legal Services,Legal,Care and Treatment,I need legal assistance w/benefits,N/A,,N/A,,N/A,,N/A,,N/A
Elijah's Promise,Food,Care and Treatment,,N/A,,N/A,,N/A,,N/A,,N/A
Eric B. Chandler Health Center,Medical Case Management,Care and Treatment,,Medical Care NO INSURANCE,,Counseling & Testing,Prep & Prevention,,,,,
Hyacinth,Housing Assistance,Care and Treatment,I need assistance w/housing,Support Groups,Support Groups,Emergency Financial Assistane,Care and Treatment,,,,,
Legal Services of Northwest Jersey Hunterdon,Legal,Care and Treatment,I need legal assistance w/benefits,N/A,,N/A,,N/A,,N/A,,N/A
Legal Services of Northwest Jersey Somerset,Legal,Care and Treatment,I need legal assistance w/benefits,N/A,,N/A,,N/A,,N/A,,N/A
MCAT,Transportation,Care and Treatment,,N/A,,N/A,,N/A,,N/A,,N/A
NBCC,Substance Use Treatment,Care and Treatment,Help w/substance use,Counseling & Testing,Prep & Prevention,N/A,,N/A,,N/A,,N/A
Raritan Bay ,Medical Care No Insurance,Care and Treatment,I don't have insurance ,Medical Case Management,Help finding services,Counseling & Testing,Prevention & PrEP,N/A,,N/A,,N/A
RWJ Medical School,Medical Case Management,Care and Treatment,I need help finding services,Medical Care w/Insurance,Care and Treatment/I have insurance,Counseling & Testing,Prep & Prevention,N/A,,N/A,,N/A
Somerset Treatment Services,Substance Use Treatment,Care and Treatment,Help w/substance use,Medical Case Management,I don't know where to begin,,,,,,,
VNAHG,Medical Case Management,Care and Treatment,I don't know where to begin,,,,,,,,,
Zufall,Medical Care No Insurance,Care and Treatment,,Medical Case Management,I need help finding services,Counseling & Testing,Prevention & PrEP,,,,,
Zufall mobile unit,Oral Health,Care and Treatment,Help finding a dentist,,,,,,,,,
CVS,Counseling & Testing,Prevention & PrEP,,,,,,,,,,
Planned Parenthood (all),Counseling & Testing,Prevention & PrEP,,,,,,,,,,
Woodbridge Health Department,Counseling & Testing,Prevention & PrEP,,,,,,,,,,